Id,Prediction
101.0,0.9851336084193727
102.0,0.9477458454070377
103.0,0.027876548018756886
104.0,0.9800304974300176
105.0,0.30902732276200934
106.0,0.9709218411482162
107.0,0.09917361015157035
108.0,0.03653919502038141
109.0,0.021018851339055632
110.0,0.15992578219921513
111.0,0.8811711500756542
112.0,0.05969700820096898
113.0,0.08724627212185496
114.0,0.9836438631380905
115.0,0.03180214585984099
116.0,0.9546165948702213
117.0,0.9493209747925553
118.0,0.9826221890471535
119.0,0.02410049671779722
120.0,0.030798374500105766
121.0,0.2354444436194974
122.0,0.9127963159082868
123.0,0.9680651155740045
124.0,0.9740861547700203
125.0,0.8578102945706927
126.0,0.02878899724870258
127.0,0.9811771526340531
128.0,0.6060141583410471
129.0,0.08907600030751761
130.0,0.9773383669462204
131.0,0.9851470564718963
132.0,0.9805602696122684
133.0,0.984908986573735
134.0,0.8171950031393685
135.0,0.9829529724763207
136.0,0.982824196453366
137.0,0.647154117512852
138.0,0.9725874233622888
139.0,0.021124413609925168
140.0,0.974880946899111
141.0,0.9690952082639421
142.0,0.5380334893265238
143.0,0.8504307144563162
144.0,0.9347281679045026
145.0,0.979696715073128
146.0,0.9346415261657116
147.0,0.9144639567394456
148.0,0.9793008371146781
149.0,0.9786058086114047
150.0,0.023525671224682822
151.0,0.4501621371672382
152.0,0.04172878248197689
153.0,0.9799543734709399
154.0,0.9808175111542249
155.0,0.2860743035421054
156.0,0.08409982762810432
157.0,0.08640657429762189
158.0,0.0357311134878312
159.0,0.9727982185347717
160.0,0.02187714600417993
161.0,0.07661034063640913
162.0,0.9836368078964058
163.0,0.8759798267441755
164.0,0.9507655842493166
165.0,0.9767424515918806
166.0,0.3179560423878942
167.0,0.23500995612225178
168.0,0.03802565739181621
169.0,0.3056273722502362
170.0,0.9151897501856834
171.0,0.9824636632389496
172.0,0.03306836819055424
173.0,0.9841060522069376
174.0,0.5702679691147715
175.0,0.9788986529100059
176.0,0.1053070887377149
177.0,0.982295535580362
178.0,0.21188548354734735
179.0,0.09934376158002219
180.0,0.6207816562411078
181.0,0.04683358360158788
182.0,0.024124125878183494
183.0,0.9506415458514116
184.0,0.45863518723148805
185.0,0.979442594115885
186.0,0.04263825202779096
187.0,0.6509527706679444
188.0,0.9049516424271642
189.0,0.976502925917939
190.0,0.04358470194621408
191.0,0.14232255443159544
192.0,0.0724088148599784
193.0,0.021769165822277208
194.0,0.14773694645854765
201.0,0.7668626456043712
202.0,0.6093145684051073
203.0,0.9013267613111411
204.0,0.03304096255084133
205.0,0.23521329575938144
206.0,0.9398490269131777
207.0,0.923192522272896
208.0,0.02087448693613081
209.0,0.08773354645532493
210.0,0.03586977422459207
211.0,0.2978103658477921
212.0,0.283364652506503
213.0,0.7177268281646064
214.0,0.34261536252855057
215.0,0.9817532697094864
216.0,0.8694489871876573
217.0,0.020850160089829595
218.0,0.1355783383415505
219.0,0.39867555706933405
220.0,0.06527592167901713
221.0,0.3422819607585026
222.0,0.059932613444721776
223.0,0.8901404876034691
224.0,0.3848723373316448
225.0,0.1104179558890127
226.0,0.6284521313261635
227.0,0.029977102944582338
228.0,0.815453027461166
229.0,0.9774062719837038
230.0,0.06514885686882987
231.0,0.743977367823184
232.0,0.0768659194329992
233.0,0.09544447655720183
234.0,0.022986849168789042
235.0,0.025996295731112725
236.0,0.08224280337494834
237.0,0.9068602666067193
238.0,0.48123189542950834
239.0,0.9832521549487269
240.0,0.06147579735784102
241.0,0.02218295828366897
242.0,0.6965488058082469
243.0,0.021084199415850085
244.0,0.034169307702986505
245.0,0.4410389032966517
246.0,0.026605431686110882
247.0,0.9698991340484632
248.0,0.028037542779747265
249.0,0.9681835271206897
250.0,0.2700576282671058
251.0,0.046740739482044796
252.0,0.0296772464668625
253.0,0.9607463801671018
254.0,0.024042668727217026
255.0,0.9836450188979664
256.0,0.11041152787553343
257.0,0.8596834072858203
258.0,0.9281208858547261
259.0,0.28242928683412166
260.0,0.4825883372881865
261.0,0.05088161517187291
262.0,0.9129000698071644
263.0,0.9762572373866881
264.0,0.020939973373879598
265.0,0.950870409922773
266.0,0.6025451712562325
267.0,0.02132707761955772
268.0,0.7485437795706401
269.0,0.7661343281765445
270.0,0.5921092262291815
271.0,0.08599966515517175
272.0,0.04299875285583476
273.0,0.02535062491587748
274.0,0.071966951410881
275.0,0.18790161728505403
276.0,0.2725937163921323
277.0,0.02914415712902771
278.0,0.9560546924201243
279.0,0.8728743911740029
280.0,0.9786136169285152
281.0,0.8722499792847344
282.0,0.8759110931775458
283.0,0.07329925300873169
284.0,0.23404964388009966
285.0,0.019580185729905147
286.0,0.027502558002751948
287.0,0.034451429193879404
288.0,0.8749633082847418
289.0,0.8418911286718808
290.0,0.8529992107828265
291.0,0.9546444265163874
292.0,0.28020413605480377
293.0,0.8505588661186813
294.0,0.2180733144486517
301.0,0.8015911393212495
302.0,0.10913868075891364
303.0,0.9694425999433862
304.0,0.020618091980500665
305.0,0.3139051553245279
306.0,0.027264361890537346
307.0,0.9450540432068694
308.0,0.1442513117499322
309.0,0.9835304784079346
310.0,0.022871110366716626
311.0,0.9656017283331687
312.0,0.1263173974544813
313.0,0.02068686191194558
314.0,0.08681351476060967
315.0,0.9615459058649491
316.0,0.6912975380832734
317.0,0.6342107432633516
318.0,0.09435616562956922
319.0,0.9053386339047492
320.0,0.6747981613203652
321.0,0.7690573469313354
322.0,0.48885088637164265
323.0,0.021549160486176087
324.0,0.025314642904554534
325.0,0.3154301222453619
326.0,0.13044489645387275
327.0,0.8052610555053482
328.0,0.048983844955020166
329.0,0.9434486971957465
330.0,0.9502930073827579
331.0,0.8620742687079189
332.0,0.6616345930579162
333.0,0.19149789416391066
334.0,0.06620540969061904
335.0,0.04462940072409039
336.0,0.3205161529498918
337.0,0.7789369117020702
338.0,0.3563611155716175
339.0,0.05496649332185925
340.0,0.521768400087759
341.0,0.8606199250834499
342.0,0.5887258447727572
343.0,0.10040087245989554
344.0,0.9806794789026908
345.0,0.9827834973576324
346.0,0.08432894834176803
347.0,0.36892555411605477
348.0,0.7523734880682876
349.0,0.021455247790971563
350.0,0.3503728133223997
351.0,0.05316923410546185
352.0,0.7814879339163845
353.0,0.18750039906030444
354.0,0.5536875768958867
355.0,0.7869882775762745
356.0,0.02461085631430864
357.0,0.04332212122504892
358.0,0.9834379803157283
359.0,0.9687156288503742
360.0,0.02493870158189212
361.0,0.01932190387418404
362.0,0.05663029179239972
363.0,0.3097126773867206
364.0,0.044807338844087365
365.0,0.9257171405918794
366.0,0.978977057896331
367.0,0.027609875162117062
368.0,0.026610861651992525
369.0,0.8309758940745198
370.0,0.29918674570851095
371.0,0.05796872823538826
372.0,0.037102178750292966
373.0,0.35239511357717296
374.0,0.6424239259679982
375.0,0.9641758682456313
376.0,0.8110518806674107
377.0,0.0755633743391438
378.0,0.8142900490077655
379.0,0.08086857734448519
380.0,0.9680234104912055
381.0,0.9061020236478636
382.0,0.031642298063362065
383.0,0.1304608725834091
384.0,0.9061737530500354
385.0,0.9691905983203725
386.0,0.04883249943879567
387.0,0.6559094295176027
388.0,0.023990303730383043
389.0,0.03778184636495506
390.0,0.020764975194334415
391.0,0.08888183158733365
392.0,0.9568520264427219
393.0,0.028173763510498002
394.0,0.25029928670180507
401.0,0.15536806974951273
402.0,0.017823344491878716
403.0,0.02210833680824323
404.0,0.043566328226244455
405.0,0.018471888053659034
406.0,0.031320545318141046
407.0,0.030900083667638745
408.0,0.03282874980801135
409.0,0.023484163507348752
410.0,0.9149529417622367
411.0,0.02156094488398947
412.0,0.0208466313477448
413.0,0.030762145546874592
414.0,0.020494352891688654
415.0,0.0651891182141255
416.0,0.03803686430483436
417.0,0.07243755990027519
418.0,0.018470448885999885
419.0,0.021438457321230765
420.0,0.019806054554217214
421.0,0.02113794166184212
422.0,0.9744375255018983
423.0,0.05739915570647246
424.0,0.017456682831467896
425.0,0.020792818319115367
426.0,0.03593465847045674
427.0,0.10024974755353727
428.0,0.029574880445817672
429.0,0.055489899225662526
430.0,0.021435962655038526
431.0,0.024988373373211834
432.0,0.039094716772485424
433.0,0.05759324560006428
434.0,0.022508633850468775
435.0,0.020781744720459936
436.0,0.037346394643696997
437.0,0.018894759712337235
438.0,0.0225196580793012
439.0,0.02765686128964433
440.0,0.022668330376028174
441.0,0.017346529335302324
442.0,0.03012253463153164
443.0,0.1893684995652549
444.0,0.9798836543352462
445.0,0.022686290654138987
446.0,0.021553206634057045
447.0,0.023858015474852813
448.0,0.0249354809552564
449.0,0.8418344819119138
450.0,0.031916350768142886
451.0,0.039886942402551154
452.0,0.022717846712841962
453.0,0.02238660664317926
454.0,0.03268079844949424
455.0,0.026905344009060368
456.0,0.9224859357576399
457.0,0.06932858659710374
458.0,0.020520337588151128
459.0,0.05361569210407353
460.0,0.018176469347100533
461.0,0.21938742285471688
462.0,0.02280959976899198
463.0,0.02699417781558434
464.0,0.7541233687841978
465.0,0.36279965312571905
466.0,0.022555297363583852
467.0,0.02323469086153533
468.0,0.031664474513420235
469.0,0.023187589466978294
470.0,0.035270059754613
471.0,0.027327844910646885
472.0,0.02227005544794832
473.0,0.02261477329907128
474.0,0.025653530588923525
475.0,0.018505960671271336
476.0,0.020277926154287487
477.0,0.9603300832556813
478.0,0.03423535908777751
479.0,0.019199403178932973
480.0,0.024930740311180595
481.0,0.04114529739392779
482.0,0.01953394890872563
483.0,0.04124982260765198
484.0,0.02065845346176762
485.0,0.055238376881109746
486.0,0.02355086148755419
487.0,0.0948504223669
488.0,0.023940194705684727
489.0,0.021314071862671854
490.0,0.027030445138885556
491.0,0.9738678349016395
492.0,0.020204662628274334
493.0,0.018583181335060605
494.0,0.30952825001841805
501.0,0.9427889993588602
502.0,0.019784470207004523
503.0,0.5208575556305093
504.0,0.2722050674805829
505.0,0.02634828079303323
506.0,0.977397708177857
507.0,0.23139815320601337
508.0,0.9789767432199605
509.0,0.9764898681970331
510.0,0.1024202753292645
511.0,0.033343768938796634
512.0,0.16376541445887788
513.0,0.048501579697029416
514.0,0.02077697589489886
515.0,0.809071498061249
516.0,0.021172014957498497
517.0,0.026939207487264808
518.0,0.03343104679205859
519.0,0.4112050496443092
520.0,0.7684894018841927
521.0,0.9541253766157333
522.0,0.8208748788368434
523.0,0.7888024922429908
524.0,0.13660654623049995
525.0,0.08895805717543119
526.0,0.9005288366604579
527.0,0.7603714917500268
528.0,0.39323906313661083
529.0,0.7936747630421523
530.0,0.67557640045521
531.0,0.020304041898767552
532.0,0.081731538010184
533.0,0.7547461850722391
534.0,0.0423629394711062
535.0,0.4556161737844123
536.0,0.2404913646126703
537.0,0.7202974068607229
538.0,0.11332627990399903
539.0,0.9786992664147944
540.0,0.018790333067293975
541.0,0.7356726145134183
542.0,0.9812524369990782
543.0,0.8844254966121871
544.0,0.025954950218270895
545.0,0.02587708452217641
546.0,0.035727029106680235
547.0,0.03470547030885661
548.0,0.019895635934335767
549.0,0.019614478366002764
550.0,0.02251526133231077
551.0,0.9514267788446756
552.0,0.026450904421803503
553.0,0.018496487923701364
554.0,0.023828077331298915
555.0,0.9650566384278347
556.0,0.03881351891797905
557.0,0.98126232130298
558.0,0.020735027547900478
559.0,0.9747453946135473
560.0,0.3327684315918824
561.0,0.976572818256063
562.0,0.019384914919597932
563.0,0.959229952963294
564.0,0.9554746624896887
565.0,0.025598587452201504
566.0,0.09884219948601095
567.0,0.9744622952328815
568.0,0.9581141454170935
569.0,0.2828965999350266
570.0,0.8170585928793981
571.0,0.021765735370018004
572.0,0.7845970119906853
573.0,0.02693046778703439
574.0,0.04548961815042692
575.0,0.9257333519645664
576.0,0.07757595995013894
577.0,0.02078913012845532
578.0,0.9781955920528889
579.0,0.25945265054516803
580.0,0.033768094726776984
581.0,0.36385562701357094
582.0,0.3311358415210367
583.0,0.547698902587642
584.0,0.04760802240639402
585.0,0.9007488526298538
586.0,0.9814666147570329
587.0,0.033444795947200234
588.0,0.981177935369876
589.0,0.9674869723516231
590.0,0.9795498867471525
591.0,0.25888428132858304
592.0,0.9615748870193048
593.0,0.8167158366933319
594.0,0.7365642741764393
601.0,0.017891144052869953
602.0,0.9762226409922533
603.0,0.7676210076591665
604.0,0.035591480040114934
605.0,0.07552644100469832
606.0,0.1822284950747921
607.0,0.6884283621721414
608.0,0.024873881503229372
609.0,0.966424240684531
610.0,0.028963455483282496
611.0,0.052437488577119405
612.0,0.7559563704483541
613.0,0.03947442680990116
614.0,0.019478358121111653
615.0,0.1557963200503912
616.0,0.6600424400505458
617.0,0.8994332445460299
618.0,0.11518134548857678
619.0,0.057600506545818504
620.0,0.03606412798750788
621.0,0.07045671753383195
622.0,0.03069447059432834
623.0,0.07675018457435405
624.0,0.05421088970620295
625.0,0.04695100217283436
626.0,0.12008022213119386
627.0,0.06074781847567432
628.0,0.9059758312264238
629.0,0.9521122922965833
630.0,0.500277836676076
631.0,0.8755123231209492
632.0,0.018541748637115236
633.0,0.6944445800372189
634.0,0.7378388430397375
635.0,0.6734838068893131
636.0,0.9033211582819487
637.0,0.04900564138458417
638.0,0.6551491305975408
639.0,0.029664772156238677
640.0,0.8196511422117096
641.0,0.8351614284887703
642.0,0.018915080824633286
643.0,0.955197716875018
644.0,0.14545432332723693
645.0,0.5299612689586076
646.0,0.44037289370171045
647.0,0.018092972320936606
648.0,0.9597502317005576
649.0,0.040029451373243714
650.0,0.02461920900232074
651.0,0.9106034622872206
652.0,0.9587741559353108
653.0,0.19872515171935415
654.0,0.8114008773369695
655.0,0.9786375190974573
656.0,0.019470533551552243
657.0,0.07032455426390735
658.0,0.1464270213020609
659.0,0.5636000831480292
660.0,0.9264563682090546
661.0,0.9728194676286761
662.0,0.04819318245742955
663.0,0.3448035149382307
664.0,0.7959618308347116
665.0,0.03433218583846756
666.0,0.974230985016691
667.0,0.7882167849094067
668.0,0.11663300135019017
669.0,0.3539937209257065
670.0,0.021889298087266952
671.0,0.151618125326104
672.0,0.38054699253583807
673.0,0.21437408388989448
674.0,0.08283602953512842
675.0,0.02940293383284449
676.0,0.521281969357105
677.0,0.024569026617079204
678.0,0.8580861231314457
679.0,0.8865269712693599
680.0,0.044103051842760414
681.0,0.03139538496152379
682.0,0.9691249009061635
683.0,0.05878776508248679
684.0,0.16756921236157873
685.0,0.028439439203252478
686.0,0.37645045110182107
687.0,0.2941242501722463
688.0,0.18235765381866392
689.0,0.8527503316347144
690.0,0.04159394290504276
691.0,0.9855111832770679
692.0,0.2603318398047164
693.0,0.5651137127168891
694.0,0.9359126073448186
701.0,0.7924280024556005
702.0,0.05776183167557693
703.0,0.9740367459867024
704.0,0.03453703844046694
705.0,0.3238060066042401
706.0,0.977430481917604
707.0,0.027687526093239573
708.0,0.5228943764348736
709.0,0.9806137071695893
710.0,0.021483169338331377
711.0,0.044242296009510095
712.0,0.5421021783599336
713.0,0.09570889616269522
714.0,0.03950701884428924
715.0,0.8925728245447133
716.0,0.3124468175784781
717.0,0.03712239174742123
718.0,0.06308476989745743
719.0,0.09084304628591958
720.0,0.9738009544442952
721.0,0.7514885579734413
722.0,0.04148659768249425
723.0,0.46578352104847887
724.0,0.03443163671610032
725.0,0.8420398492748716
726.0,0.08864029873634725
727.0,0.08938142375490496
728.0,0.1215709758369222
729.0,0.23466787285361637
730.0,0.05646879060828801
731.0,0.926677863739148
732.0,0.12314721288645308
733.0,0.05728444762980451
734.0,0.7647004406276334
735.0,0.9719067991662612
736.0,0.12225505432387146
737.0,0.03225901611326218
738.0,0.10373688312029941
739.0,0.03890603818984672
740.0,0.39541112099766457
741.0,0.9702898987915782
742.0,0.031206680971846396
743.0,0.05798353866254149
744.0,0.06632288499080705
745.0,0.9012105023038569
746.0,0.24132536445260458
747.0,0.9751226149810007
748.0,0.08642755486354094
749.0,0.20413018580033274
750.0,0.9743658702563966
751.0,0.4884318153450241
752.0,0.022211373180663397
753.0,0.8348283701455541
754.0,0.021496420793683805
755.0,0.7971097020620437
756.0,0.023597192361568334
757.0,0.06919702343098591
758.0,0.07021209776277217
759.0,0.04255603970675531
760.0,0.30288478327600193
761.0,0.030967072010557057
762.0,0.2846556336921333
763.0,0.03264609666865818
764.0,0.9569729745381399
765.0,0.17707838159789965
766.0,0.06808684872854599
767.0,0.02356179310874836
768.0,0.019165161776644204
769.0,0.9494986534151414
770.0,0.028695741408187116
771.0,0.037428730498791245
772.0,0.9644624445407128
773.0,0.07191517509716956
774.0,0.7601822691769548
775.0,0.07341098611546283
776.0,0.029784514058788306
777.0,0.8809981806203724
778.0,0.02612618264387137
779.0,0.034232608753112924
780.0,0.4405888484669139
781.0,0.01922839192801136
782.0,0.141987235482127
783.0,0.19656045765120056
784.0,0.049781054957243644
785.0,0.7141106213595612
786.0,0.309103844410126
787.0,0.9764086443344757
788.0,0.22288074406413186
789.0,0.9703906617859761
790.0,0.32039118210774775
791.0,0.04252849862655066
792.0,0.025907779785772092
793.0,0.8289397944490138
794.0,0.09357160722527813
801.0,0.9815724196388704
802.0,0.8802367550413512
803.0,0.018071999699003003
804.0,0.027171294753723634
805.0,0.9309828830781532
806.0,0.9192101562764569
807.0,0.27841404307975265
808.0,0.8451914629531888
809.0,0.11819784602732189
810.0,0.0814082252120393
811.0,0.9614271037009421
812.0,0.7958420737610022
813.0,0.04124537768924365
814.0,0.2231594349516061
815.0,0.9751350689855833
816.0,0.09667324346978691
817.0,0.9550119512764853
818.0,0.019574393751633477
819.0,0.9786706729250643
820.0,0.9618242184802553
821.0,0.9835645144142163
822.0,0.9809869166972708
823.0,0.27179773711500393
824.0,0.4491067720273836
825.0,0.05020072899424119
826.0,0.9693437724325588
827.0,0.9802901819548693
828.0,0.07540698162429406
829.0,0.9740063810609063
830.0,0.9654024230888821
831.0,0.9834417100204939
832.0,0.9439601838162056
833.0,0.6189488698542455
834.0,0.5132239945055287
835.0,0.04530585066112936
836.0,0.9563953295527905
837.0,0.9438597873164335
838.0,0.029636256217419277
839.0,0.05155624952166525
840.0,0.2849575847973345
841.0,0.09351232391664699
842.0,0.7846061933457334
843.0,0.9814571301289443
844.0,0.6665725315612424
845.0,0.6388399482471864
846.0,0.10830589104357695
847.0,0.9282257587593549
848.0,0.9515394915980837
849.0,0.5530415765387278
850.0,0.9687013024690779
851.0,0.0649491174564826
852.0,0.09999170558401202
853.0,0.8167249698674194
854.0,0.3724566082739251
855.0,0.9822364944644087
856.0,0.6336532863373402
857.0,0.8418132311307854
858.0,0.18429107821642407
859.0,0.9811011933719292
860.0,0.17124722213988525
861.0,0.8454064453260801
862.0,0.046757633721638985
863.0,0.977029986481991
864.0,0.03695367854006404
865.0,0.035511824729594986
866.0,0.9413869282811076
867.0,0.041476899562235735
868.0,0.047264520518321765
869.0,0.7580924598490304
870.0,0.863923181973837
871.0,0.05425005135351106
872.0,0.8854155063876719
873.0,0.6311877156749389
874.0,0.836428653878914
875.0,0.7656571944146933
876.0,0.9834840058643398
877.0,0.8224045705217855
878.0,0.8273415705274414
879.0,0.23438655580731402
880.0,0.7093937049058415
881.0,0.06945337465750491
882.0,0.9398988415761418
883.0,0.02533766931780283
884.0,0.9275477691773145
885.0,0.7230920288457628
886.0,0.9474288059577075
887.0,0.9834444718698194
888.0,0.9437481924437701
889.0,0.20430082557445894
890.0,0.9002405374471938
891.0,0.052514331778048345
892.0,0.9779801506072673
893.0,0.9302596179982164
894.0,0.4508835802657088
901.0,0.1812488107667867
902.0,0.8672769033935068
903.0,0.025564815997433248
904.0,0.980181316186335
905.0,0.08891208082549351
906.0,0.8504309857214774
907.0,0.7667221932605403
908.0,0.8300576852443902
909.0,0.9426017439523536
910.0,0.024782146879758406
911.0,0.12493511466886466
912.0,0.9707906882196167
913.0,0.31695973743522426
914.0,0.8733604392553419
915.0,0.9795724676898252
916.0,0.6595823411505578
917.0,0.04099686419277459
918.0,0.02133867360593799
919.0,0.702648897490395
920.0,0.8760059660185636
921.0,0.9144941351701475
922.0,0.053795697909222444
923.0,0.02417846720702477
924.0,0.9697947963261243
925.0,0.9358949623875222
926.0,0.792060898855093
927.0,0.04134013289754472
928.0,0.08064189822006836
929.0,0.13850336798164845
930.0,0.8925855688212783
931.0,0.9400681397916785
932.0,0.028041634936075584
933.0,0.9771346416981411
934.0,0.0499860431172375
935.0,0.5637134562994175
936.0,0.4166301509670797
937.0,0.9609515200954765
938.0,0.12031106734134472
939.0,0.9791373554101804
940.0,0.9677524381330465
941.0,0.9821151964059877
942.0,0.3191180486949732
943.0,0.07429490949316282
944.0,0.9673256389890026
945.0,0.9370308558904668
946.0,0.08929995945801929
947.0,0.8282834260686968
948.0,0.9143115209784628
949.0,0.47306339232124023
950.0,0.8444846610370833
951.0,0.2543983317696246
952.0,0.03371158131501306
953.0,0.8295503392691711
954.0,0.09313428613072272
955.0,0.020513252841637717
956.0,0.9846102306401898
957.0,0.045454450843063425
958.0,0.9829627078455088
959.0,0.2576882973962563
960.0,0.1694415270508251
961.0,0.2907713299877456
962.0,0.29658395237644314
963.0,0.2694323802549913
964.0,0.2830083937095449
965.0,0.91443764954489
966.0,0.1580969303215073
967.0,0.09407959835849625
968.0,0.984110103679483
969.0,0.840916465714128
970.0,0.11488257566451397
971.0,0.09831042728978635
972.0,0.5488889728085166
973.0,0.12067131239561943
974.0,0.9643727182265764
975.0,0.02350102320262518
976.0,0.28724531440238954
977.0,0.9674329289035605
978.0,0.033588470321310515
979.0,0.07625697913754728
980.0,0.6125193932006703
981.0,0.6440668357123183
982.0,0.05729051484121417
983.0,0.8665199231762104
984.0,0.23839301168726829
985.0,0.29125030809991637
986.0,0.7717292819057437
987.0,0.6556647265011852
988.0,0.17584482783943473
989.0,0.9692189957919146
990.0,0.9479256868740292
991.0,0.07997258604357409
992.0,0.9797656117541189
993.0,0.9383484222250911
994.0,0.041520113830862626
1001.0,0.018839264161250483
1002.0,0.6247516661156722
1003.0,0.022673072433837354
1004.0,0.024779123283904574
1005.0,0.022293175969082004
1006.0,0.9753602275814292
1007.0,0.04498058115527546
1008.0,0.08489975853694211
1009.0,0.983653631592887
1010.0,0.26407070826066614
1011.0,0.9531606899289734
1012.0,0.28167349293036553
1013.0,0.949572810804488
1014.0,0.284319707772445
1015.0,0.9797532281903798
1016.0,0.8594113704733144
1017.0,0.9855319218534744
1018.0,0.9516018679262431
1019.0,0.4217927422954283
1020.0,0.8472014416937119
1021.0,0.9703484100579778
1022.0,0.16905397935443375
1023.0,0.08489693264605118
1024.0,0.031602989916884906
1025.0,0.9824739831855165
1026.0,0.9667451607878957
1027.0,0.4507996753042297
1028.0,0.05810340908327085
1029.0,0.02890283315567578
1030.0,0.3904105667468331
1031.0,0.32304512517833517
1032.0,0.7306191239454978
1033.0,0.021368792479680196
1034.0,0.28669932629414063
1035.0,0.9755399096934478
1036.0,0.3335637653220692
1037.0,0.09841090165699498
1038.0,0.042018092046117665
1039.0,0.019669931336311213
1040.0,0.06664917460790824
1041.0,0.9845514968138541
1042.0,0.9003336448276694
1043.0,0.70577157935676
1044.0,0.15638549517879613
1045.0,0.022662419661593238
1046.0,0.03327903327277228
1047.0,0.32938446923985837
1048.0,0.8070989353550929
1049.0,0.7116300230102985
1050.0,0.25126312706397586
1051.0,0.2742926346209707
1052.0,0.9722913864881988
1053.0,0.4042665221087739
1054.0,0.8898010430150987
1055.0,0.2266100500407381
1056.0,0.03158334656255761
1057.0,0.11020339182818976
1058.0,0.025707553089750347
1059.0,0.03640187136782674
1060.0,0.6479935382325545
1061.0,0.04167017059830382
1062.0,0.027258564430796082
1063.0,0.9805440406040665
1064.0,0.9031938222953482
1065.0,0.023772113930380798
1066.0,0.12910274686420195
1067.0,0.9765529480170821
1068.0,0.9614185289126889
1069.0,0.9846950195870982
1070.0,0.3501714878191051
1071.0,0.029948950636816067
1072.0,0.02279058402566247
1073.0,0.03411349140422789
1074.0,0.9832782433512292
1075.0,0.02533613268200704
1076.0,0.020531052219332147
1077.0,0.35663885869533835
1078.0,0.8965549104405479
1079.0,0.019808567336733182
1080.0,0.9282533174795058
1081.0,0.030596037148529116
1082.0,0.02241793095564136
1083.0,0.897196882130044
1084.0,0.15076105255775143
1085.0,0.17278594305971023
1086.0,0.3050239026030975
1087.0,0.4572324122019203
1088.0,0.9503835486509604
1089.0,0.12415899137363463
1090.0,0.9171771282166442
1091.0,0.9249345050494397
1092.0,0.03691121066116936
1093.0,0.8615027526623183
1094.0,0.14845989406041057
1101.0,0.9783521056221296
1102.0,0.8877180655366304
1103.0,0.056185447006333766
1104.0,0.9821748520480161
1105.0,0.679471986857803
1106.0,0.024926175785256192
1107.0,0.0858658893226598
1108.0,0.9743319528599574
1109.0,0.9842009316480086
1110.0,0.9841146707584777
1111.0,0.01984591552862246
1112.0,0.13238421002626355
1113.0,0.9523514209475931
1114.0,0.31262092537097985
1115.0,0.030295067830755334
1116.0,0.9485461293334111
1117.0,0.9674762228760132
1118.0,0.9401886532027565
1119.0,0.5571047558417175
1120.0,0.9852116396794344
1121.0,0.959455070591707
1122.0,0.7776682741529867
1123.0,0.5186304162615288
1124.0,0.10073460526256303
1125.0,0.9840603406812392
1126.0,0.9702993584208076
1127.0,0.974168372999898
1128.0,0.9508527821927901
1129.0,0.8621252438560907
1130.0,0.9827461078002391
1131.0,0.07520555735696488
1132.0,0.9816623659033553
1133.0,0.18867774455395542
1134.0,0.8842263904212659
1135.0,0.9337513713020404
1136.0,0.5226437752441081
1137.0,0.18045684496187744
1138.0,0.8923872881078799
1139.0,0.09749434855433249
1140.0,0.029918718599152495
1141.0,0.982692550094085
1142.0,0.9720843033100378
1143.0,0.07768357499093413
1144.0,0.9714379932101052
1145.0,0.9674394116157831
1146.0,0.9680000453825923
1147.0,0.9811334631854399
1148.0,0.2430930934895825
1149.0,0.7082574731384179
1150.0,0.0563223427896101
1151.0,0.020397236838498947
1152.0,0.06731254138732287
1153.0,0.086023741224684
1154.0,0.031123257662943774
1155.0,0.12094974344483016
1156.0,0.6411948060395954
1157.0,0.0357311794186673
1158.0,0.11308378720308526
1159.0,0.10560483618767705
1160.0,0.8584772302611915
1161.0,0.9769870659212883
1162.0,0.9843815475851734
1163.0,0.9852030551935141
1164.0,0.9798263288553757
1165.0,0.9792039514553341
1166.0,0.0897926411502554
1167.0,0.9805671540320114
1168.0,0.9820967464617256
1169.0,0.9835841937989533
1170.0,0.039452832394080276
1171.0,0.7858959039917214
1172.0,0.11189578868614419
1173.0,0.2549168441304009
1174.0,0.9648041246940897
1175.0,0.088197870261581
1176.0,0.971918359821733
1177.0,0.8703841322720133
1178.0,0.9654501154751266
1179.0,0.08365433857223353
1180.0,0.9808235155852081
1181.0,0.023582301129790265
1182.0,0.9826292491587592
1183.0,0.9823538168736188
1184.0,0.8488576355982252
1185.0,0.8322383341012304
1186.0,0.9748004809583256
1187.0,0.9136879028915885
1188.0,0.08932443924330591
1189.0,0.02862169433571631
1190.0,0.0816354622790621
1191.0,0.976323928950094
1192.0,0.02647096989385173
1193.0,0.8597411289974893
1194.0,0.3490706330668085
1201.0,0.2564214496557032
1202.0,0.9617383068259848
1203.0,0.09581130702219931
1204.0,0.9671633709665919
1205.0,0.7520605795829541
1206.0,0.9832663621263061
1207.0,0.04302940417895544
1208.0,0.9661081320169517
1209.0,0.984914484575638
1210.0,0.03157074635099612
1211.0,0.7533481710236004
1212.0,0.732948037925015
1213.0,0.7208714610934182
1214.0,0.07806821839944891
1215.0,0.0755484433163834
1216.0,0.9565085947092975
1217.0,0.9200149427092449
1218.0,0.07534975602139495
1219.0,0.15966130668620004
1220.0,0.9717022752777608
1221.0,0.9757445256423543
1222.0,0.13791005953491162
1223.0,0.980687148456467
1224.0,0.032398851235883826
1225.0,0.9451031968173307
1226.0,0.034360518897708685
1227.0,0.19239747232576887
1228.0,0.07302158540582035
1229.0,0.06150883298907254
1230.0,0.9654421965148662
1231.0,0.7680277730369489
1232.0,0.9800185115628626
1233.0,0.02853677511677378
1234.0,0.6386542691647792
1235.0,0.17974867461005709
1236.0,0.30141420718961615
1237.0,0.17771855350217017
1238.0,0.02473077232138634
1239.0,0.019822191338593923
1240.0,0.8236493371352098
1241.0,0.3067341594933147
1242.0,0.9742974593026583
1243.0,0.6485074297958894
1244.0,0.7662254461545687
1245.0,0.028135322787569608
1246.0,0.9685931607231499
1247.0,0.9584193989596184
1248.0,0.174773939842239
1249.0,0.6250582696440022
1250.0,0.6637025864205166
1251.0,0.13402977165905883
1252.0,0.9158019889454049
1253.0,0.9836978209823166
1254.0,0.12053629507857097
1255.0,0.958441842902715
1256.0,0.1282993592424995
1257.0,0.7094708454866122
1258.0,0.07849045351349324
1259.0,0.9226744120668803
1260.0,0.17555055151459711
1261.0,0.07802933723592397
1262.0,0.2621966156570568
1263.0,0.8912464935510702
1264.0,0.9480467616812319
1265.0,0.6674383131209825
1266.0,0.27591840636967413
1267.0,0.973333693840892
1268.0,0.9123382060356914
1269.0,0.8008237580730836
1270.0,0.09999293352562844
1271.0,0.3289948952991371
1272.0,0.14574817091670111
1273.0,0.6290395052120726
1274.0,0.024470302674066042
1275.0,0.4929277563781454
1276.0,0.024236512636228672
1277.0,0.05262675088053437
1278.0,0.8713687522669059
1279.0,0.030993850359132793
1280.0,0.032996291915323064
1281.0,0.22909651977203682
1282.0,0.15826713865149555
1283.0,0.967754112632878
1284.0,0.18485763371143524
1285.0,0.9751900274581798
1286.0,0.643388414069856
1287.0,0.9589821819640892
1288.0,0.3231678533127655
1289.0,0.024982041030046465
1290.0,0.22531721250915013
1291.0,0.9518536481263425
1292.0,0.9653826765236933
1293.0,0.12707834377017402
1294.0,0.9725099439706341
1301.0,0.04060349536583118
1302.0,0.9614240272414275
1303.0,0.027492341089991646
1304.0,0.7831994044404317
1305.0,0.9564928440498593
1306.0,0.7833422695486502
1307.0,0.8963499592816329
1308.0,0.035368932176352695
1309.0,0.030492500141490592
1310.0,0.06407571300109308
1311.0,0.033513020307406494
1312.0,0.4763651884422468
1313.0,0.02488540118007098
1314.0,0.08950643941915719
1315.0,0.021622005553302782
1316.0,0.02022596165879134
1317.0,0.9709384196751553
1318.0,0.29985555776769857
1319.0,0.30613843803106744
1320.0,0.07065860008589644
1321.0,0.038314541613254496
1322.0,0.17217550416076258
1323.0,0.0448017547113914
1324.0,0.9321725638087577
1325.0,0.019804081876498455
1326.0,0.30792338007203257
1327.0,0.9566319695589477
1328.0,0.5846347608156451
1329.0,0.019322137483872938
1330.0,0.029594735533087797
1331.0,0.03433511282891988
1332.0,0.027601331960347374
1333.0,0.029069093721071776
1334.0,0.02199783779895063
1335.0,0.029466590195239437
1336.0,0.022269320415195634
1337.0,0.027632759306880642
1338.0,0.021414931477239402
1339.0,0.1620087212672029
1340.0,0.029621568202655046
1341.0,0.01943311912902741
1342.0,0.026721836038397763
1343.0,0.042013900703705115
1344.0,0.8702941138640381
1345.0,0.052528052435252756
1346.0,0.1290747399361559
1347.0,0.23209384313307518
1348.0,0.05133887764042734
1349.0,0.0227607791416913
1350.0,0.037628387338949944
1351.0,0.0928525020030889
1352.0,0.04287189925821843
1353.0,0.023467927528031667
1354.0,0.023901955177303084
1355.0,0.7452283626289569
1356.0,0.9716347899398998
1357.0,0.2112509344610702
1358.0,0.9120414595761019
1359.0,0.027431595453245663
1360.0,0.07022152334527745
1361.0,0.5010000830766764
1362.0,0.03304596322636443
1363.0,0.028113778748043147
1364.0,0.02843455633500648
1365.0,0.029119184541095147
1366.0,0.8160397334385024
1367.0,0.9819376127771569
1368.0,0.5964461323391596
1369.0,0.029984689118664632
1370.0,0.05528702045578738
1371.0,0.027839452545753963
1372.0,0.11197114657127108
1373.0,0.8956555788473303
1374.0,0.13228849494100553
1375.0,0.3008504206324514
1376.0,0.06215713815499473
1377.0,0.7361065024737757
1378.0,0.9229095928647348
1379.0,0.04458123273367468
1380.0,0.06472623824431292
1381.0,0.021538939272431563
1382.0,0.021452434298825
1383.0,0.969775864587774
1384.0,0.022015608056497337
1385.0,0.028248098589806186
1386.0,0.7398687633266762
1387.0,0.025728543194569815
1388.0,0.9305032085338464
1389.0,0.06104976620120112
1390.0,0.33569412683751776
1391.0,0.026319960012944413
1392.0,0.017758178690702828
1393.0,0.2924811679146331
1394.0,0.05258956449199257
1401.0,0.9772556271887556
1402.0,0.022865823232374842
1403.0,0.9416151329071032
1404.0,0.9813451069926141
1405.0,0.23972363923031542
1406.0,0.08440512412005285
1407.0,0.06998516115450087
1408.0,0.39696002959390836
1409.0,0.8817742877203237
1410.0,0.984583951725505
1411.0,0.045583681208465496
1412.0,0.9853864399970199
1413.0,0.546895050494491
1414.0,0.7518013711565116
1415.0,0.9829674916714994
1416.0,0.1846015091076437
1417.0,0.900250690745876
1418.0,0.6829447163667363
1419.0,0.9658397292365384
1420.0,0.31482355939592016
1421.0,0.8800684877878433
1422.0,0.28339302556476237
1423.0,0.09469681867916925
1424.0,0.9712098026335488
1425.0,0.027714667930746076
1426.0,0.074780129227036
1427.0,0.13404520060452454
1428.0,0.06868779713145667
1429.0,0.5750571640466771
1430.0,0.9829507612449354
1431.0,0.06703786918204822
1432.0,0.2699000844642326
1433.0,0.10079345568362026
1434.0,0.5462334471574998
1435.0,0.880138156450389
1436.0,0.02875078499628376
1437.0,0.5125336991917764
1438.0,0.0925475092729282
1439.0,0.9474448342353462
1440.0,0.9824085844402675
1441.0,0.14811387900942183
1442.0,0.3112475846942367
1443.0,0.9600967542165467
1444.0,0.825738300448037
1445.0,0.9164016094595681
1446.0,0.060700353016046746
1447.0,0.97094944485906
1448.0,0.21759333572425274
1449.0,0.8086090671779272
1450.0,0.9776927467220575
1451.0,0.9518503447682273
1452.0,0.07736048878325598
1453.0,0.8488451329151689
1454.0,0.03625638777945359
1455.0,0.07264027094734118
1456.0,0.7633343330767964
1457.0,0.06656335000893455
1458.0,0.21953521931050188
1459.0,0.4661294017337293
1460.0,0.1622630038523402
1461.0,0.9790778836979598
1462.0,0.2534984179924422
1463.0,0.9603321827607793
1464.0,0.9715722884901631
1465.0,0.23097658090226528
1466.0,0.9334106452295546
1467.0,0.07376395235578284
1468.0,0.3008090652692003
1469.0,0.06110288256147714
1470.0,0.9574348448783639
1471.0,0.03915694912918965
1472.0,0.9027721546336697
1473.0,0.017904771430059245
1474.0,0.2570697302928896
1475.0,0.03161085376362682
1476.0,0.03715278117006282
1477.0,0.04846271079157875
1478.0,0.3570898876953324
1479.0,0.9756842272005559
1480.0,0.9681176376367996
1481.0,0.9300748753597989
1482.0,0.5773707410474445
1483.0,0.9763001818534156
1484.0,0.15854078316429313
1485.0,0.919225011426097
1486.0,0.9842847934720118
1487.0,0.8981776466780429
1488.0,0.029139612667384913
1489.0,0.97209219484339
1490.0,0.7319676296184887
1491.0,0.08552220697505424
1492.0,0.6819186297784934
1493.0,0.4862057087545381
1494.0,0.9825656894574516
1501.0,0.9533513075211089
1502.0,0.3125807820538682
1503.0,0.03223768425419399
1504.0,0.9760967034016838
1505.0,0.9533802211783966
1506.0,0.7717876355971457
1507.0,0.9132710030901376
1508.0,0.9773875253799681
1509.0,0.02022658054953732
1510.0,0.041781871443923355
1511.0,0.6320068948941796
1512.0,0.9564389442589936
1513.0,0.9766002894786113
1514.0,0.023550179820621527
1515.0,0.9697384253850655
1516.0,0.9705745130750555
1517.0,0.9238630462848798
1518.0,0.8578589538058646
1519.0,0.979005863164182
1520.0,0.13171432543184863
1521.0,0.5127808311043
1522.0,0.9464919387636556
1523.0,0.9810325909552082
1524.0,0.9139688375343765
1525.0,0.047489477284406896
1526.0,0.6062937305377035
1527.0,0.9840912995466471
1528.0,0.9708350183371165
1529.0,0.910638080773479
1530.0,0.500087264688391
1531.0,0.8799039115584929
1532.0,0.03311592485947017
1533.0,0.9828438608844374
1534.0,0.9824084845898455
1535.0,0.9763257511098588
1536.0,0.7756496248600889
1537.0,0.9844348185951121
1538.0,0.7585638415063709
1539.0,0.11411606966066777
1540.0,0.8282927615261053
1541.0,0.6176702094415616
1542.0,0.9532180502535779
1543.0,0.6666566229153388
1544.0,0.9773851035562147
1545.0,0.6319437693789111
1546.0,0.9850688882606716
1547.0,0.21945875532818432
1548.0,0.9616830501191899
1549.0,0.9769760905618305
1550.0,0.024403231905551
1551.0,0.9795293369793905
1552.0,0.8585962105738368
1553.0,0.4440859312965775
1554.0,0.9343345427211466
1555.0,0.976531443037335
1556.0,0.06213239552315286
1557.0,0.9226761989625333
1558.0,0.9827342384855046
1559.0,0.9784182352377957
1560.0,0.9479573873892588
1561.0,0.976037081059277
1562.0,0.9776954778550478
1563.0,0.05311365169258919
1564.0,0.9773718330696045
1565.0,0.937291860116537
1566.0,0.9153591278685386
1567.0,0.9351132547524751
1568.0,0.9825077845707054
1569.0,0.7750157377655191
1570.0,0.9753150378957847
1571.0,0.11495515791636914
1572.0,0.9754582215827063
1573.0,0.9762242704184894
1574.0,0.119303880354479
1575.0,0.778700919306964
1576.0,0.04688893551395427
1577.0,0.3448190359385733
1578.0,0.9617465333568853
1579.0,0.984572851518627
1580.0,0.03153040799539756
1581.0,0.9792004646613798
1582.0,0.9345609807640288
1583.0,0.9667087485123662
1584.0,0.9665730593134584
1585.0,0.9257799590232362
1586.0,0.9562852913252736
1587.0,0.687355983780853
1588.0,0.9835979517242532
1589.0,0.9534104900919496
1590.0,0.9836239940069903
1591.0,0.9690967966995166
1592.0,0.9600890985153372
1593.0,0.9656962154492474
1594.0,0.9557627159203533
1601.0,0.0942414917111083
1602.0,0.9763470599894116
1603.0,0.022822022764070284
1604.0,0.9838124675095311
1605.0,0.3238097166191322
1606.0,0.12976996929496698
1607.0,0.896003972126037
1608.0,0.14406076007482377
1609.0,0.9636360184678197
1610.0,0.05848141537745766
1611.0,0.11302368525882774
1612.0,0.06443576137492764
1613.0,0.9215232778322309
1614.0,0.7043708446708222
1615.0,0.4267905839469421
1616.0,0.04760997829297539
1617.0,0.9799564908389173
1618.0,0.9816067994255614
1619.0,0.04786921541175502
1620.0,0.6894084006079082
1621.0,0.8055810936653629
1622.0,0.561164083749462
1623.0,0.7917606522440135
1624.0,0.9819464352981055
1625.0,0.9485082074872021
1626.0,0.10637160835528088
1627.0,0.14651958552337263
1628.0,0.037112968218511226
1629.0,0.96491906506945
1630.0,0.03017224625064401
1631.0,0.5480207159409778
1632.0,0.9803854165446211
1633.0,0.2681932845409179
1634.0,0.7035238218318156
1635.0,0.9004534339364629
1636.0,0.8670327822732841
1637.0,0.022543481442331294
1638.0,0.660830300747029
1639.0,0.6958638116581095
1640.0,0.05539405394284524
1641.0,0.04742364995711032
1642.0,0.9748300590705409
1643.0,0.2712449256354186
1644.0,0.9775732015024718
1645.0,0.9838730494520402
1646.0,0.051563179361943844
1647.0,0.9809511494905502
1648.0,0.8992429645731971
1649.0,0.058254803021474344
1650.0,0.022801103207136304
1651.0,0.5290757279445742
1652.0,0.22446016073151173
1653.0,0.9773524531158851
1654.0,0.5578154507583116
1655.0,0.074030533564023
1656.0,0.0696050563177477
1657.0,0.9271261867099322
1658.0,0.6271225140383615
1659.0,0.9634610773463046
1660.0,0.13237057021497625
1661.0,0.9665027283045782
1662.0,0.9835562052201614
1663.0,0.2543288349109133
1664.0,0.9825217539286242
1665.0,0.9583469917882068
1666.0,0.039134968006129804
1667.0,0.9709235638278602
1668.0,0.02147831761224806
1669.0,0.054471328353518915
1670.0,0.6592714165624548
1671.0,0.9728100421163995
1672.0,0.9755297728590129
1673.0,0.3349499092883607
1674.0,0.9368227151178414
1675.0,0.9794761286075544
1676.0,0.22610268152460897
1677.0,0.027408226533031543
1678.0,0.8169369836081789
1679.0,0.9759199742336225
1680.0,0.4639162570279006
1681.0,0.7434348601165431
1682.0,0.03096945772459152
1683.0,0.9845398121007454
1684.0,0.051488883050508104
1685.0,0.9492837764058016
1686.0,0.9787246420754941
1687.0,0.5847493641122811
1688.0,0.15159248576543116
1689.0,0.8580067564034516
1690.0,0.030104150847851577
1691.0,0.9467635630778374
1692.0,0.7615077421843807
1693.0,0.1305648178123126
1694.0,0.968744731203755
1701.0,0.9618745418450961
1702.0,0.3075670042182441
1703.0,0.26274620001625537
1704.0,0.08596545972198512
1705.0,0.6991935557991
1706.0,0.022260406761804578
1707.0,0.8824727909754706
1708.0,0.06265912759743797
1709.0,0.05751563012322457
1710.0,0.4355888357227299
1711.0,0.03416224613045416
1712.0,0.5142192975015574
1713.0,0.08338829141168395
1714.0,0.02779446905231007
1715.0,0.5500807962517049
1716.0,0.2781925238690362
1717.0,0.08570778075644159
1718.0,0.7394781447998889
1719.0,0.867743125604361
1720.0,0.5600266853332057
1721.0,0.9430529009859757
1722.0,0.04870528787486228
1723.0,0.03665417134558337
1724.0,0.02349448694645252
1725.0,0.0668027258544699
1726.0,0.5830916803199977
1727.0,0.5793440493912554
1728.0,0.8578593149161199
1729.0,0.04588399140176635
1730.0,0.11917628490175336
1731.0,0.16013726268438666
1732.0,0.06062780944723732
1733.0,0.02934153438899773
1734.0,0.021777078431161556
1735.0,0.3275502765985192
1736.0,0.025431437623292353
1737.0,0.02285090888526635
1738.0,0.026200933491781746
1739.0,0.4966238081575302
1740.0,0.03296514294164019
1741.0,0.0954993285549013
1742.0,0.031647962557066596
1743.0,0.048251339637525516
1744.0,0.4478698633438672
1745.0,0.5661914407895855
1746.0,0.03476180755566376
1747.0,0.06897829855837846
1748.0,0.14920354460223645
1749.0,0.02325592575224825
1750.0,0.018659689317985857
1751.0,0.036783994082142
1752.0,0.04493864592509144
1753.0,0.09693417160755269
1754.0,0.02519738118268879
1755.0,0.7691460259479825
1756.0,0.05028104273490184
1757.0,0.04913689619984468
1758.0,0.9478066797781923
1759.0,0.2901568890575638
1760.0,0.10815174464277472
1761.0,0.17597328604408288
1762.0,0.8424407521137788
1763.0,0.028626517937676565
1764.0,0.13803447642804575
1765.0,0.04613281113841419
1766.0,0.8134075715024977
1767.0,0.8603887783526234
1768.0,0.03303302459709418
1769.0,0.02466175395073927
1770.0,0.026668759566580012
1771.0,0.05193758148733855
1772.0,0.023119122653840016
1773.0,0.6323944155213844
1774.0,0.06751333663640387
1775.0,0.055790257079681556
1776.0,0.04946535273576206
1777.0,0.3671109396219289
1778.0,0.021763373798732843
1779.0,0.01887400673759469
1780.0,0.022285949945005518
1781.0,0.33268310186404265
1782.0,0.05833552703012441
1783.0,0.031155182094444255
1784.0,0.03219797133619153
1785.0,0.07243721448518982
1786.0,0.032762639792834565
1787.0,0.5841028665812864
1788.0,0.021785811645661436
1789.0,0.06457039184925242
1790.0,0.03370034399123119
1791.0,0.12096850422524597
1792.0,0.3050147576118086
1793.0,0.6957135773683345
1794.0,0.924431266605888
1801.0,0.7702121325098255
1802.0,0.02461515956138645
1803.0,0.9516099749092864
1804.0,0.5761059454810133
1805.0,0.7406343762775394
1806.0,0.4165794448926454
1807.0,0.9777956557230784
1808.0,0.8227793033705577
1809.0,0.03180108153178166
1810.0,0.2356889002736394
1811.0,0.9847062334974149
1812.0,0.3086788766786368
1813.0,0.08615989803654019
1814.0,0.9806062643058145
1815.0,0.05638301142911025
1816.0,0.3419855720966706
1817.0,0.2731176294515549
1818.0,0.8066242964052004
1819.0,0.08375277396339866
1820.0,0.8947530421024272
1821.0,0.021764598249944856
1822.0,0.02989671363666429
1823.0,0.8982256318539007
1824.0,0.033833448025491215
1825.0,0.04099237623752502
1826.0,0.4918551883529696
1827.0,0.6858917572303611
1828.0,0.9727639676067219
1829.0,0.02101096856674843
1830.0,0.02588783021725142
1831.0,0.7591164529120161
1832.0,0.06921918009947257
1833.0,0.9675925285432176
1834.0,0.14074710929978648
1835.0,0.5757261757855301
1836.0,0.7499048712066084
1837.0,0.9717076150477386
1838.0,0.10301709308336145
1839.0,0.027637126411227737
1840.0,0.8678439099472087
1841.0,0.9407912690507074
1842.0,0.03981557218282276
1843.0,0.5451672833521354
1844.0,0.06179561115059229
1845.0,0.9790236666363301
1846.0,0.05988654985602798
1847.0,0.9842356737931027
1848.0,0.07064866136973673
1849.0,0.963973003907788
1850.0,0.19624593767832088
1851.0,0.04733042991758513
1852.0,0.07329044329113656
1853.0,0.08271509726516134
1854.0,0.3357496882240375
1855.0,0.06450973866716185
1856.0,0.9702613721339369
1857.0,0.958779784260235
1858.0,0.07600485459109554
1859.0,0.06536178687803697
1860.0,0.023186909296584825
1861.0,0.5176211951463213
1862.0,0.6742128924362765
1863.0,0.9598175323122441
1864.0,0.9821830122753634
1865.0,0.06982663036784628
1866.0,0.03144121720953316
1867.0,0.9766766050611214
1868.0,0.9679570276228555
1869.0,0.956209610300158
1870.0,0.02550831379234134
1871.0,0.6496750828394672
1872.0,0.06389257625834714
1873.0,0.03892476117037967
1874.0,0.9789447661829123
1875.0,0.9005081741748353
1876.0,0.12871647563234861
1877.0,0.031893622358978906
1878.0,0.9710232388214617
1879.0,0.6971469319297797
1880.0,0.029932680433594896
1881.0,0.9826125134480714
1882.0,0.6950722566052999
1883.0,0.9817007094429816
1884.0,0.30036640032575385
1885.0,0.8774880861136972
1886.0,0.7750823574696281
1887.0,0.8272272389073466
1888.0,0.2885607280753306
1889.0,0.06842547133640263
1890.0,0.27641209117259397
1891.0,0.023311006325706447
1892.0,0.2251591393626136
1893.0,0.15430058923826423
1894.0,0.5697247383170888
1901.0,0.021214635526192877
1902.0,0.024082587065368515
1903.0,0.30155203035095673
1904.0,0.03824192559810666
1905.0,0.082453128811549
1906.0,0.044634500110219445
1907.0,0.9570842108669351
1908.0,0.022020259579882677
1909.0,0.8805023401842043
1910.0,0.06101545649587796
1911.0,0.07141627080796374
1912.0,0.051264669521556956
1913.0,0.02784415016257034
1914.0,0.08046668818221686
1915.0,0.98468162140983
1916.0,0.019858524033520845
1917.0,0.5799958255550124
1918.0,0.020055885424250717
1919.0,0.09728579984795396
1920.0,0.9589802895867396
1921.0,0.9072033096927082
1922.0,0.7718457073007307
1923.0,0.09363868266338733
1924.0,0.06451754565244126
1925.0,0.04385537800720652
1926.0,0.973385096671191
1927.0,0.3508796063870863
1928.0,0.9028570281230021
1929.0,0.022033373923925428
1930.0,0.44891893799222515
1931.0,0.11745222530772709
1932.0,0.9517087237482794
1933.0,0.6552268200207669
1934.0,0.02251220624762595
1935.0,0.018825474830648285
1936.0,0.04644322987109378
1937.0,0.10260476518771909
1938.0,0.6828432109034602
1939.0,0.9806156459071512
1940.0,0.9843246575232437
1941.0,0.6227616648593939
1942.0,0.8938173089570192
1943.0,0.8396052017732765
1944.0,0.17265619827571357
1945.0,0.7123940209826112
1946.0,0.7946026924574129
1947.0,0.9759250499733163
1948.0,0.02420948548322495
1949.0,0.025618682203003496
1950.0,0.030236884614316614
1951.0,0.029146935666290816
1952.0,0.9786196827329202
1953.0,0.02498439192964568
1954.0,0.16267024510987418
1955.0,0.9755636829161138
1956.0,0.8280528727392411
1957.0,0.06170817016611821
1958.0,0.05867667995332589
1959.0,0.03170407469307368
1960.0,0.04448963044246049
1961.0,0.46930509928382275
1962.0,0.020285201006427483
1963.0,0.058396083293456795
1964.0,0.9391772014008528
1965.0,0.024062647706108862
1966.0,0.07289702846760718
1967.0,0.9832959463259321
1968.0,0.15630826477916135
1969.0,0.8407189672826934
1970.0,0.01987296708434911
1971.0,0.033419985588563156
1972.0,0.04004779559720781
1973.0,0.37972202551288253
1974.0,0.05958467083403684
1975.0,0.022972429240109428
1976.0,0.04169905675817185
1977.0,0.046255830903258584
1978.0,0.021742911506117346
1979.0,0.3662802367562608
1980.0,0.9532417878527457
1981.0,0.9756550164233838
1982.0,0.048111708242405765
1983.0,0.7360220527847707
1984.0,0.03229990728305224
1985.0,0.07357812578096899
1986.0,0.32675280168106224
1987.0,0.9051571541597374
1988.0,0.18893938218695244
1989.0,0.7572683538889977
1990.0,0.9288462368024568
1991.0,0.021759844851320993
1992.0,0.05013770153178334
1993.0,0.24036742899312522
1994.0,0.8290718462112971
2001.0,0.8785153965953497
2002.0,0.2653931284519846
2003.0,0.9241299232120435
2004.0,0.3747545149411889
2005.0,0.03243718004554806
2006.0,0.8208958752942618
2007.0,0.8486869870331036
2008.0,0.05312484866587057
2009.0,0.2704095255926579
2010.0,0.29581831777055934
2011.0,0.8576910060125607
2012.0,0.8536769438590032
2013.0,0.031119224356626653
2014.0,0.3074574502473594
2015.0,0.9799817306719584
2016.0,0.10602253754267126
2017.0,0.26205036820362027
2018.0,0.923389786159301
2019.0,0.9840271850756533
2020.0,0.5160310228153272
2021.0,0.9479368494784208
2022.0,0.982361244698721
2023.0,0.4190262195464347
2024.0,0.9567074195881314
2025.0,0.9823286533888214
2026.0,0.05020667442752451
2027.0,0.03938494682864493
2028.0,0.9682585073220118
2029.0,0.8977515429639858
2030.0,0.8271107952281346
2031.0,0.036191607831126085
2032.0,0.019622865695326345
2033.0,0.6562314841336483
2034.0,0.0567556615524891
2035.0,0.12850313024884033
2036.0,0.43576333783831633
2037.0,0.04318147406725116
2038.0,0.9708565766256048
2039.0,0.47947825733072974
2040.0,0.9830219875830283
2041.0,0.12574690404181083
2042.0,0.035659099214904184
2043.0,0.9832027238600604
2044.0,0.5706012203245084
2045.0,0.06638312526664826
2046.0,0.8942072723560102
2047.0,0.6434801568435645
2048.0,0.5999482775552037
2049.0,0.04117175753393473
2050.0,0.9830590908386103
2051.0,0.9550290698745164
2052.0,0.06809872845011478
2053.0,0.9587740672661914
2054.0,0.8247805713052297
2055.0,0.9848710523360488
2056.0,0.9303672595910691
2057.0,0.545383747551663
2058.0,0.14249317407135847
2059.0,0.07969502302347739
2060.0,0.9709970064965198
2061.0,0.9764638159077177
2062.0,0.3050000934036588
2063.0,0.8744041723276741
2064.0,0.972205890163947
2065.0,0.9019501798219761
2066.0,0.9674776087017944
2067.0,0.031209762402826167
2068.0,0.043245643456243425
2069.0,0.29037237519636583
2070.0,0.9783697375567056
2071.0,0.9051818569968824
2072.0,0.14120509281448934
2073.0,0.9627600623894338
2074.0,0.7990589614443215
2075.0,0.9200213274866293
2076.0,0.8180594103761972
2077.0,0.8951524047621954
2078.0,0.9664167597746254
2079.0,0.023666055863028283
2080.0,0.6020538265657354
2081.0,0.3360349875429176
2082.0,0.9785491311154874
2083.0,0.9797240813309915
2084.0,0.5402607972634547
2085.0,0.15250818337715313
2086.0,0.9219066336061135
2087.0,0.6139094311406552
2088.0,0.17562833771759126
2089.0,0.8544053805490018
2090.0,0.8714167123064867
2091.0,0.9714923719159472
2092.0,0.09874780148579972
2093.0,0.024229740135969402
2094.0,0.024735160610325532
2101.0,0.2777893200708723
2102.0,0.9850910540671307
2103.0,0.7140913450863288
2104.0,0.03611814645130656
2105.0,0.9711692715103428
2106.0,0.3859345891994192
2107.0,0.12722188231576195
2108.0,0.4956135173170491
2109.0,0.021278055668676753
2110.0,0.13284102597680814
2111.0,0.39240701800179684
2112.0,0.27669934939486673
2113.0,0.8972630477702215
2114.0,0.9181041371243749
2115.0,0.0288571469180355
2116.0,0.8764338390200318
2117.0,0.01885752465193541
2118.0,0.9657583184938596
2119.0,0.06430329425681769
2120.0,0.15781642652933814
2121.0,0.06492180390434032
2122.0,0.9796375884008762
2123.0,0.14450851406793944
2124.0,0.9441732398567796
2125.0,0.9489419905487538
2126.0,0.5797100257907584
2127.0,0.9332839070757772
2128.0,0.9339604019801805
2129.0,0.5812615324647394
2130.0,0.7410288050434435
2131.0,0.3064265275600758
2132.0,0.030370144788392766
2133.0,0.9402282968442699
2134.0,0.8632758417514955
2135.0,0.9669642274534435
2136.0,0.02315748268062756
2137.0,0.29082258942287464
2138.0,0.29254742234935904
2139.0,0.026241636853632924
2140.0,0.32225114671134464
2141.0,0.9664309136188135
2142.0,0.9714613776115756
2143.0,0.5925947443158717
2144.0,0.021668442966278234
2145.0,0.01888664370086312
2146.0,0.9626708560084316
2147.0,0.02962810489430698
2148.0,0.15771416880960065
2149.0,0.9472650419527882
2150.0,0.9416472521620409
2151.0,0.8091693342006294
2152.0,0.932220528941156
2153.0,0.9730543939872219
2154.0,0.49405379486511486
2155.0,0.8058433191429677
2156.0,0.022520519102934292
2157.0,0.44724990395332614
2158.0,0.060139037986425316
2159.0,0.9535560103220332
2160.0,0.12680850619662395
2161.0,0.03189315519913996
2162.0,0.9109080897565137
2163.0,0.9565464474678393
2164.0,0.028934822991310165
2165.0,0.3105840163082954
2166.0,0.022975426817277222
2167.0,0.03778832808354999
2168.0,0.5205663018831744
2169.0,0.9782992782162157
2170.0,0.9195348591547947
2171.0,0.9239920604429461
2172.0,0.9440038942595155
2173.0,0.26296813826320004
2174.0,0.5536054320655784
2175.0,0.07379499721417644
2176.0,0.022585761436490534
2177.0,0.9718060698671831
2178.0,0.8681721116410823
2179.0,0.030103102876988495
2180.0,0.053305726576833364
2181.0,0.02107075767052631
2182.0,0.330251135439607
2183.0,0.5007015749261283
2184.0,0.026025935572825114
2185.0,0.01871032432493934
2186.0,0.27847972163500323
2187.0,0.6669957320765428
2188.0,0.9756335643703231
2189.0,0.5728474627874317
2190.0,0.6409521500989761
2191.0,0.9846071319876288
2192.0,0.018539914325364806
2193.0,0.06333679341996311
2194.0,0.04031271302747555
2201.0,0.9779904264952056
2202.0,0.02011098596436862
2203.0,0.9813738697773721
2204.0,0.9568605965642943
2205.0,0.028070140996454693
2206.0,0.8925120630890289
2207.0,0.6313533366969575
2208.0,0.4409048023525982
2209.0,0.9851351607546472
2210.0,0.09135722673626517
2211.0,0.10002465688629027
2212.0,0.060111880490417956
2213.0,0.028844673859035327
2214.0,0.7863706045476838
2215.0,0.02849233372490981
2216.0,0.035114743577539374
2217.0,0.13284983378619353
2218.0,0.06721476915019274
2219.0,0.06612397211671325
2220.0,0.05991353134272894
2221.0,0.9827745767447966
2222.0,0.9836622643975848
2223.0,0.9622586827060029
2224.0,0.021715779520916342
2225.0,0.631076950827587
2226.0,0.981507311559673
2227.0,0.9836889968549033
2228.0,0.9602604205931182
2229.0,0.2745425133693178
2230.0,0.9048460580249845
2231.0,0.28618328632858747
2232.0,0.9755386515459725
2233.0,0.7020691033343109
2234.0,0.032792945849174596
2235.0,0.5061433292125362
2236.0,0.9313214903555992
2237.0,0.04744886025541539
2238.0,0.970384691905651
2239.0,0.7694839206584535
2240.0,0.0449454959750465
2241.0,0.9784769704966654
2242.0,0.04617992832790446
2243.0,0.2856484313168323
2244.0,0.057547465875504016
2245.0,0.02764495828897073
2246.0,0.06434706025921334
2247.0,0.9271711096982646
2248.0,0.5953868890477998
2249.0,0.03514137846713439
2250.0,0.10279356455105113
2251.0,0.8534214704504877
2252.0,0.9776970458485496
2253.0,0.9640454011561224
2254.0,0.04031807948015518
2255.0,0.03796516492722067
2256.0,0.10564500729746412
2257.0,0.13931166023686148
2258.0,0.9685038235389454
2259.0,0.040299606579119455
2260.0,0.05651793346000868
2261.0,0.206892142378669
2262.0,0.8589927577701724
2263.0,0.9689490760784869
2264.0,0.05721040593555439
2265.0,0.024610819060081564
2266.0,0.05990233396071135
2267.0,0.30015102086778456
2268.0,0.04727873099426
2269.0,0.9659283424332739
2270.0,0.9260449890874366
2271.0,0.9740819986561394
2272.0,0.33807589495164836
2273.0,0.03595857032691417
2274.0,0.481421459322921
2275.0,0.018318465774353684
2276.0,0.8777817284047588
2277.0,0.8561533741372864
2278.0,0.8955212674169286
2279.0,0.3114967303445334
2280.0,0.9835359656958337
2281.0,0.10637821225864189
2282.0,0.030508312760895412
2283.0,0.019758315516025367
2284.0,0.01892716282079125
2285.0,0.542041032111817
2286.0,0.7874667841380889
2287.0,0.02203573232678435
2288.0,0.5026789756647472
2289.0,0.5909863404833674
2290.0,0.9805093568995967
2291.0,0.9605077159050898
2292.0,0.04241047221027986
2293.0,0.9231760503143871
2294.0,0.9322061908527907
2301.0,0.9729459856001894
2302.0,0.8661142790184221
2303.0,0.018516097990598713
2304.0,0.02032269653371683
2305.0,0.280894777698622
2306.0,0.0327064454950145
2307.0,0.021138352135640987
2308.0,0.9193422634590985
2309.0,0.4360397037341869
2310.0,0.9752486199282389
2311.0,0.2880840859016403
2312.0,0.20457744651314796
2313.0,0.1583997775158275
2314.0,0.9806694161179491
2315.0,0.12040513419683878
2316.0,0.9787436320920755
2317.0,0.9592255264365601
2318.0,0.42094309069224334
2319.0,0.02173663860616307
2320.0,0.9462338134472531
2321.0,0.983669870078654
2322.0,0.0377531482301878
2323.0,0.15736243297085836
2324.0,0.944803907604824
2325.0,0.8825849392326053
2326.0,0.3485594685585887
2327.0,0.9409124414816054
2328.0,0.7943280479077726
2329.0,0.9399830701377274
2330.0,0.9213174112515607
2331.0,0.9720968262536912
2332.0,0.08545503496834929
2333.0,0.1770080819666259
2334.0,0.09768897733775232
2335.0,0.039121951950943014
2336.0,0.024821521514098673
2337.0,0.967406765270456
2338.0,0.04309378951862356
2339.0,0.024374255853445565
2340.0,0.9742874849717825
2341.0,0.23827972597085137
2342.0,0.019673180139501086
2343.0,0.9411685024908495
2344.0,0.3610902426049629
2345.0,0.05385514396436073
2346.0,0.08620836324656116
2347.0,0.9786707886049916
2348.0,0.8663286573325241
2349.0,0.05412183228366561
2350.0,0.6852368504367033
2351.0,0.9465658318517084
2352.0,0.07251225192390509
2353.0,0.4835412060779924
2354.0,0.018584170055106392
2355.0,0.954403643966861
2356.0,0.02695225281451487
2357.0,0.022975206989745905
2358.0,0.09406249987020747
2359.0,0.23723815060449294
2360.0,0.7615282218659429
2361.0,0.03957443661112984
2362.0,0.6130226301480292
2363.0,0.04866585797997957
2364.0,0.0239603298442381
2365.0,0.9649304439211863
2366.0,0.0456463214913372
2367.0,0.9545059329844724
2368.0,0.9789557690728856
2369.0,0.2938926251065865
2370.0,0.9617193766520326
2371.0,0.13682230724110087
2372.0,0.6618658567949895
2373.0,0.04236278734041255
2374.0,0.9553897798836058
2375.0,0.021391186437872568
2376.0,0.9824308081729846
2377.0,0.9768976344944317
2378.0,0.8646707362120615
2379.0,0.08403109521477656
2380.0,0.07459424542528145
2381.0,0.03869754277789768
2382.0,0.03391338117790588
2383.0,0.022305313428072626
2384.0,0.11196437753153154
2385.0,0.9238448743452523
2386.0,0.9476670472590535
2387.0,0.15563413851873564
2388.0,0.13055855232887836
2389.0,0.930950893389627
2390.0,0.021898570978638714
2391.0,0.98478469481485
2392.0,0.26382037218048915
2393.0,0.8451710373624062
2394.0,0.9827971249227045
2401.0,0.04346447532535432
2402.0,0.9526638924129933
2403.0,0.02165695909808959
2404.0,0.8886189449924665
2405.0,0.07284112318527154
2406.0,0.029661185333139533
2407.0,0.9745070254625074
2408.0,0.72279511057429
2409.0,0.02813849091201144
2410.0,0.14150284192658205
2411.0,0.02255766391172649
2412.0,0.5670477649412253
2413.0,0.03417183369457167
2414.0,0.9596430537419741
2415.0,0.08616081517254459
2416.0,0.03239343828902263
2417.0,0.6411796492488235
2418.0,0.4984628075141741
2419.0,0.6753655184038937
2420.0,0.1751285753771238
2421.0,0.98363441487937
2422.0,0.03945344536995253
2423.0,0.9851284319796673
2424.0,0.5242044809818592
2425.0,0.030837709375527586
2426.0,0.0434388968358466
2427.0,0.11038330554612613
2428.0,0.2954562822949628
2429.0,0.2613020678520292
2430.0,0.2956048821984027
2431.0,0.9594969898781281
2432.0,0.22963695796592198
2433.0,0.07737586277001611
2434.0,0.09989038199200498
2435.0,0.09623312695351237
2436.0,0.032383732619754385
2437.0,0.589713621428348
2438.0,0.9363225813121049
2439.0,0.9721506314621849
2440.0,0.8577628768759685
2441.0,0.023651603881614233
2442.0,0.947332123215447
2443.0,0.053502079561822895
2444.0,0.09322130315196721
2445.0,0.04012317954676241
2446.0,0.04702523430566331
2447.0,0.979106440062649
2448.0,0.9143811996111605
2449.0,0.023915953081970528
2450.0,0.03440644294308025
2451.0,0.28679958941482
2452.0,0.06791059356742614
2453.0,0.05503723329865844
2454.0,0.9810318944518809
2455.0,0.022639208627091324
2456.0,0.12382982726083018
2457.0,0.029630860709980843
2458.0,0.975327394824525
2459.0,0.08269660065019219
2460.0,0.05519994131763873
2461.0,0.026164864451803608
2462.0,0.889161021240371
2463.0,0.029366446110256423
2464.0,0.9799823953069096
2465.0,0.9812872367013066
2466.0,0.10280070995436648
2467.0,0.9771283678152897
2468.0,0.05292232846656304
2469.0,0.01976116839875347
2470.0,0.3141967645450382
2471.0,0.18743148222665998
2472.0,0.14936227606867855
2473.0,0.9509454489501129
2474.0,0.034410655894171915
2475.0,0.29993786120228894
2476.0,0.05143840354860251
2477.0,0.9797977095377415
2478.0,0.978613664387895
2479.0,0.01982551812144256
2480.0,0.08447774048283914
2481.0,0.09776748983786496
2482.0,0.05363800049273865
2483.0,0.9803356025669704
2484.0,0.7068828089608741
2485.0,0.9512615682112004
2486.0,0.6871004536735491
2487.0,0.9207085007966516
2488.0,0.4147603169969886
2489.0,0.019399454224694284
2490.0,0.04938642682406215
2491.0,0.7313149760768607
2492.0,0.8870326245441105
2493.0,0.061110581393263336
2494.0,0.027769058537304603
2501.0,0.0484813749342562
2502.0,0.976776469229935
2503.0,0.9183628217628566
2504.0,0.27698182483532524
2505.0,0.9041418922806471
2506.0,0.1394472721082544
2507.0,0.9825113535476162
2508.0,0.9717436588068815
2509.0,0.8775874941371433
2510.0,0.503015973976841
2511.0,0.9507128161197953
2512.0,0.0249551202369148
2513.0,0.020131806563807756
2514.0,0.9597531784632423
2515.0,0.9806953844930486
2516.0,0.02065910414946137
2517.0,0.01905091009349287
2518.0,0.09526990720680344
2519.0,0.14608213661532324
2520.0,0.03065561115744807
2521.0,0.032193440921195686
2522.0,0.49560739784418584
2523.0,0.07574087774156994
2524.0,0.14836950848333144
2525.0,0.11601350097752097
2526.0,0.9154583756658523
2527.0,0.042052538507486824
2528.0,0.025898713096664385
2529.0,0.029967547634738977
2530.0,0.23094105190008055
2531.0,0.9324542029961369
2532.0,0.024417662997452926
2533.0,0.0432308035996634
2534.0,0.047511323511687055
2535.0,0.8491067876541001
2536.0,0.035996409652956286
2537.0,0.02113071382288881
2538.0,0.3056755852248789
2539.0,0.9616860829405496
2540.0,0.01935019521547508
2541.0,0.07557504675156977
2542.0,0.11352968664273845
2543.0,0.05637708039980913
2544.0,0.03522960804125253
2545.0,0.10112704894003574
2546.0,0.059715925356637896
2547.0,0.044280647851812044
2548.0,0.029159054331506368
2549.0,0.03643157378795774
2550.0,0.026339941915723693
2551.0,0.5440902796922669
2552.0,0.978987644404478
2553.0,0.044567133544177344
2554.0,0.03245959965588059
2555.0,0.019529953269799564
2556.0,0.9740679624913352
2557.0,0.9640461488606465
2558.0,0.9674374803989886
2559.0,0.019172448298403495
2560.0,0.03430316187343483
2561.0,0.5525434560851589
2562.0,0.03381966651752013
2563.0,0.831416095498
2564.0,0.9549027406013704
2565.0,0.2840581770684847
2566.0,0.03382635497661088
2567.0,0.9779711153583761
2568.0,0.07102244402171408
2569.0,0.2794529403742384
2570.0,0.03402563920546009
2571.0,0.13850472696607946
2572.0,0.4919859259259949
2573.0,0.13416145948683694
2574.0,0.034235818901552896
2575.0,0.7507159709480304
2576.0,0.025465774901805245
2577.0,0.33160873314380085
2578.0,0.3051436317143572
2579.0,0.026327679592110104
2580.0,0.17216167023389198
2581.0,0.6322578545273667
2582.0,0.8237854264498061
2583.0,0.23974940139385148
2584.0,0.10534557771294142
2585.0,0.25317859899126854
2586.0,0.06310515214403517
2587.0,0.985012026191361
2588.0,0.08356310406403569
2589.0,0.27509228414586717
2590.0,0.08389863308523417
2591.0,0.31638838555899734
2592.0,0.07284515209893612
2593.0,0.0534573520747274
2594.0,0.9622413451073968
